Longitude,Latitude,NDVI,NDBI,Albedo,D2W_meters,LST_Target,D2R_HighCapacity_m,D2R_Urban_m,Tree_Density_50m,Building_Density_100m,Avg_Building_Height_100m,geometry,index_right,id,@id,@relations,admin_level,alt_name,boundary,loc_name,name,note,place,source,type,website,wikidata,wikipedia
-5.968676242275336,37.40486028392434,0.4654161930084228,-0.2099213600158691,0.14613645,155.24174696260025,45.05908010000002,1752.9951091106568,8.439934964193375,0,6,6.0,POINT (-5.968676242275336 37.40486028392434),94,relation/5829723,relation/5829723,,10,,administrative,,San Matías,,neighbourhood,http://www.sevilla.org/ayuntamiento/competencias-areas/area-de-hacienda-y-administracion-publica/servicio-estadistica/atribuciones-del-servicio/elecciones/censo-electoral/division-de-los-distritos-censales/,boundary,,,
-5.968676242275336,37.40468062086752,0.1160270869731903,-0.0226144511252641,0.1456723,152.97058540778357,45.498295670000005,1757.0416118199662,14.57522633972376,0,6,6.0,POINT (-5.968676242275336 37.40468062086752),94,relation/5829723,relation/5829723,,10,,administrative,,San Matías,,neighbourhood,http://www.sevilla.org/ayuntamiento/competencias-areas/area-de-hacienda-y-administracion-publica/servicio-estadistica/atribuciones-del-servicio/elecciones/censo-electoral/division-de-los-distritos-censales/,boundary,,,
-5.968496579218512,37.40468062086752,0.3042509853839874,-0.0207758247852325,0.12274415,143.17821063276352,45.25390723999999,1741.509153267397,21.99221399967856,0,7,6.0,POINT (-5.968496579218512 37.40468062086752),94,relation/5829723,relation/5829723,,10,,administrative,,San Matías,,neighbourhood,http://www.sevilla.org/ayuntamiento/competencias-areas/area-de-hacienda-y-administracion-publica/servicio-estadistica/atribuciones-del-servicio/elecciones/censo-electoral/division-de-los-distritos-censales/,boundary,,,
-5.966699948650273,37.40468062086752,0.8381596803665161,-0.3845683336257934,0.15188735,50.0,43.86960914000002,1585.8465292959538,170.37324015771188,0,15,6.0,POINT (-5.966699948650273 37.40468062086752),94,relation/5829723,relation/5829723,,10,,administrative,,San Matías,,neighbourhood,http://www.sevilla.org/ayuntamiento/competencias-areas/area-de-hacienda-y-administracion-publica/servicio-estadistica/atribuciones-del-servicio/elecciones/censo-electoral/division-de-los-distritos-censales/,boundary,,,
-5.966520285593449,37.40468062086752,0.8422732353210449,-0.2735294103622436,0.1417839,42.426406871192846,44.177230940000015,1570.2853213874623,172.5349193913628,0,15,6.0,POINT (-5.966520285593449 37.40468062086752),94,relation/5829723,relation/5829723,,10,,administrative,,San Matías,,neighbourhood,http://www.sevilla.org/ayuntamiento/competencias-areas/area-de-hacienda-y-administracion-publica/servicio-estadistica/atribuciones-del-servicio/elecciones/censo-electoral/division-de-los-distritos-censales/,boundary,,,
-5.966340622536626,37.40468062086752,0.5526132583618164,-0.0839211866259574,0.1220959,36.05551275463989,44.177230940000015,1554.73060563787,176.10805011185113,0,15,6.0,POINT (-5.966340622536626 37.40468062086752),94,relation/5829723,relation/5829723,,10,,administrative,,San Matías,,neighbourhood,http://www.sevilla.org/ayuntamiento/competencias-areas/area-de-hacienda-y-administracion-publica/servicio-estadistica/atribuciones-del-servicio/elecciones/censo-electoral/division-de-los-distritos-censales/,boundary,,,
-5.966160959479802,37.40468062086752,0.276937186717987,-0.0856641680002212,0.19259585,31.622776601683796,44.57543027000003,1539.182578873243,180.73071877090348,0,13,7.153846153846154,POINT (-5.966160959479802 37.40468062086752),94,relation/5829723,relation/5829723,,10,,administrative,,San Matías,,neighbourhood,http://www.sevilla.org/ayuntamiento/competencias-areas/area-de-hacienda-y-administracion-publica/servicio-estadistica/atribuciones-del-servicio/elecciones/censo-electoral/division-de-los-distritos-censales/,boundary,,,
-5.968676242275336,37.4045009578107,0.2338433861732483,-0.0282028205692768,0.1278475,151.32745950421557,45.969982430000016,1761.1012904381207,5.469831693554033,0,5,6.0,POINT (-5.968676242275336 37.4045009578107),94,relation/5829723,relation/5829723,,10,,administrative,,San Matías,,neighbourhood,http://www.sevilla.org/ayuntamiento/competencias-areas/area-de-hacienda-y-administracion-publica/servicio-estadistica/atribuciones-del-servicio/elecciones/censo-electoral/division-de-los-distritos-censales/,boundary,,,
-5.968496579218512,37.4045009578107,0.6547220349311829,-0.1545741260051727,0.13294405,141.4213562373095,45.64356152000005,1745.512860805726,17.35336602821737,0,7,6.0,POINT (-5.968496579218512 37.4045009578107),94,relation/5829723,relation/5829723,,10,,administrative,,San Matías,,neighbourhood,http://www.sevilla.org/ayuntamiento/competencias-areas/area-de-hacienda-y-administracion-publica/servicio-estadistica/atribuciones-del-servicio/elecciones/censo-electoral/division-de-los-distritos-censales/,boundary,,,
-5.966879611707097,37.4045009578107,0.8318959474563599,-0.3680228888988495,0.1514475,53.85164807134504,43.86960914000002,1605.4761603059417,149.67696852287906,0,17,6.0,POINT (-5.966879611707097 37.4045009578107),94,relation/5829723,relation/5829723,,10,,administrative,,San Matías,,neighbourhood,http://www.sevilla.org/ayuntamiento/competencias-areas/area-de-hacienda-y-administracion-publica/servicio-estadistica/atribuciones-del-servicio/elecciones/censo-electoral/division-de-los-distritos-censales/,boundary,,,
-5.966699948650273,37.4045009578107,0.8451902866363525,-0.3289382457733154,0.1289429,44.72135954999579,43.86960914000002,1589.9484230435626,150.46581969496663,0,16,6.0,POINT (-5.966699948650273 37.4045009578107),94,relation/5829723,relation/5829723,,10,,administrative,,San Matías,,neighbourhood,http://www.sevilla.org/ayuntamiento/competencias-areas/area-de-hacienda-y-administracion-publica/servicio-estadistica/atribuciones-del-servicio/elecciones/censo-electoral/division-de-los-distritos-censales/,boundary,,,
-5.966520285593449,37.4045009578107,0.231195718050003,0.179758682847023,0.1136377,36.05551275463989,44.177230940000015,1574.427757638824,152.9091898612536,0,15,6.0,POINT (-5.966520285593449 37.4045009578107),94,relation/5829723,relation/5829723,,10,,administrative,,San Matías,,neighbourhood,http://www.sevilla.org/ayuntamiento/competencias-areas/area-de-hacienda-y-administracion-publica/servicio-estadistica/atribuciones-del-servicio/elecciones/censo-electoral/division-de-los-distritos-censales/,boundary,,,
-5.966340622536626,37.4045009578107,0.0997357964515686,0.0120648732408881,0.1792277,28.284271247461906,44.177230940000015,1558.9143753156511,156.92981631557183,0,14,6.0,POINT (-5.966340622536626 37.4045009578107),94,relation/5829723,relation/5829723,,10,,administrative,,San Matías,,neighbourhood,http://www.sevilla.org/ayuntamiento/competencias-areas/area-de-hacienda-y-administracion-publica/servicio-estadistica/atribuciones-del-servicio/elecciones/censo-electoral/division-de-los-distritos-censales/,boundary,,,
-5.966160959479802,37.4045009578107,0.1310165375471115,-0.0193451140075922,0.23171845,22.360679774997894,44.57543027000003,1543.4084956891925,161.01715113961197,0,13,7.153846153846154,POINT (-5.966160959479802 37.4045009578107),94,relation/5829723,relation/5829723,,10,,administrative,,San Matías,,neighbourhood,http://www.sevilla.org/ayuntamiento/competencias-areas/area-de-hacienda-y-administracion-publica/servicio-estadistica/atribuciones-del-servicio/elecciones/censo-electoral/division-de-los-distritos-censales/,boundary,,,
-5.968676242275336,37.40432129475387,0.3697631955146789,-0.0849631279706955,0.1142758,150.33296378372907,45.969982430000016,1765.022531289815,25.444217684027947,0,6,6.0,POINT (-5.968676242275336 37.40432129475387),94,relation/5829723,relation/5829723,,10,,administrative,,San Matías,,neighbourhood,http://www.sevilla.org/ayuntamiento/competencias-areas/area-de-hacienda-y-administracion-publica/servicio-estadistica/atribuciones-del-servicio/elecciones/censo-electoral/division-de-los-distritos-censales/,boundary,,,
-5.968496579218512,37.40432129475387,0.6539497971534729,-0.1958572566509246,0.1533149999999999,140.356688476182,45.64356152000005,1749.469041742689,30.308884296616412,0,7,6.0,POINT (-5.968496579218512 37.40432129475387),94,relation/5829723,relation/5829723,,10,,administrative,,San Matías,,neighbourhood,http://www.sevilla.org/ayuntamiento/competencias-areas/area-de-hacienda-y-administracion-publica/servicio-estadistica/atribuciones-del-servicio/elecciones/censo-electoral/division-de-los-distritos-censales/,boundary,,,
-5.9683169161616885,37.40432129475387,0.1317307651042938,-0.0417081527411937,0.18763415,130.384048104053,45.170165750000024,1733.921511928473,41.16233932038875,0,8,6.0,POINT (-5.9683169161616885 37.40432129475387),94,relation/5829723,relation/5829723,,10,,administrative,,San Matías,,neighbourhood,http://www.sevilla.org/ayuntamiento/competencias-areas/area-de-hacienda-y-administracion-publica/servicio-estadistica/atribuciones-del-servicio/elecciones/censo-electoral/division-de-los-distritos-censales/,boundary,,,
-5.967238937820745,37.40432129475387,0.7036698460578918,-0.2260821908712387,0.14052055,70.71067811865476,43.97044073000001,1640.770970368732,130.16479956978347,1,17,6.0,POINT (-5.967238937820745 37.40432129475387),94,relation/5829723,relation/5829723,,10,,administrative,,San Matías,,neighbourhood,http://www.sevilla.org/ayuntamiento/competencias-areas/area-de-hacienda-y-administracion-publica/servicio-estadistica/atribuciones-del-servicio/elecciones/censo-electoral/division-de-los-distritos-censales/,boundary,,,
-5.967059274763921,37.40432129475387,0.5771165490150452,-0.2168126851320266,0.14720795,60.82762530298219,43.97044073000001,1625.270034461421,130.70518592073816,1,18,6.0,POINT (-5.967059274763921 37.40432129475387),94,relation/5829723,relation/5829723,,10,,administrative,,San Matías,,neighbourhood,http://www.sevilla.org/ayuntamiento/competencias-areas/area-de-hacienda-y-administracion-publica/servicio-estadistica/atribuciones-del-servicio/elecciones/censo-electoral/division-de-los-distritos-censales/,boundary,,,
-5.966879611707097,37.40432129475387,0.5195557475090027,0.0282538216561079,0.08833855,50.99019513592785,44.02000201999999,1609.7765317237672,129.6769993468004,0,18,6.0,POINT (-5.966879611707097 37.40432129475387),94,relation/5829723,relation/5829723,,10,,administrative,,San Matías,,neighbourhood,http://www.sevilla.org/ayuntamiento/competencias-areas/area-de-hacienda-y-administracion-publica/servicio-estadistica/atribuciones-del-servicio/elecciones/censo-electoral/division-de-los-distritos-censales/,boundary,,,
-5.966699948650273,37.40432129475387,0.1506498306989669,0.0950187146663665,0.1293333,41.23105625617661,44.02000201999999,1594.290678865245,130.58672271662752,0,16,6.0,POINT (-5.966699948650273 37.40432129475387),94,relation/5829723,relation/5829723,,10,,administrative,,San Matías,,neighbourhood,http://www.sevilla.org/ayuntamiento/competencias-areas/area-de-hacienda-y-administracion-publica/servicio-estadistica/atribuciones-del-servicio/elecciones/censo-electoral/division-de-los-distritos-censales/,boundary,,,
-5.966520285593449,37.40432129475387,0.1471818387508392,-0.0400866754353046,0.211612,31.622776601683796,44.44383650000003,1578.812700988153,133.3947135287454,0,17,6.0,POINT (-5.966520285593449 37.40432129475387),94,relation/5829723,relation/5829723,,10,,administrative,,San Matías,,neighbourhood,http://www.sevilla.org/ayuntamiento/competencias-areas/area-de-hacienda-y-administracion-publica/servicio-estadistica/atribuciones-del-servicio/elecciones/censo-electoral/division-de-los-distritos-censales/,boundary,,,
-5.966340622536626,37.40432129475387,0.2485627979040146,-0.1116509065032005,0.21545575,22.360679774997894,44.44383650000003,1563.3428319929312,137.9851314534659,0,16,6.0,POINT (-5.966340622536626 37.40432129475387),94,relation/5829723,relation/5829723,,10,,administrative,,San Matías,,neighbourhood,http://www.sevilla.org/ayuntamiento/competencias-areas/area-de-hacienda-y-administracion-publica/servicio-estadistica/atribuciones-del-servicio/elecciones/censo-electoral/division-de-los-distritos-censales/,boundary,,,
-5.966160959479802,37.40432129475387,0.1875918358564376,0.1097784861922264,0.15140635,14.142135623730953,44.98559267000002,1547.8813150056008,141.38408868584906,0,16,6.0,POINT (-5.966160959479802 37.40432129475387),94,relation/5829723,relation/5829723,,10,,administrative,,San Matías,,neighbourhood,http://www.sevilla.org/ayuntamiento/competencias-areas/area-de-hacienda-y-administracion-publica/servicio-estadistica/atribuciones-del-servicio/elecciones/censo-electoral/division-de-los-distritos-censales/,boundary,,,
-5.968676242275336,37.40414163169705,0.6213808655738831,-0.1444741338491439,0.09933585,150.0,46.43483315000003,1769.1611922198629,23.711795662903107,0,5,6.0,POINT (-5.968676242275336 37.40414163169705),94,relation/5829723,relation/5829723,,10,,administrative,,San Matías,,neighbourhood,http://www.sevilla.org/ayuntamiento/competencias-areas/area-de-hacienda-y-administracion-publica/servicio-estadistica/atribuciones-del-servicio/elecciones/censo-electoral/division-de-los-distritos-censales/,boundary,,,
-5.968496579218512,37.40414163169705,0.4861766695976257,-0.1318816691637039,0.1651777,140.0,46.05372392000004,1753.6444098254872,35.5715635770226,0,5,6.0,POINT (-5.968496579218512 37.40414163169705),94,relation/5829723,relation/5829723,,10,,administrative,,San Matías,,neighbourhood,http://www.sevilla.org/ayuntamiento/competencias-areas/area-de-hacienda-y-administracion-publica/servicio-estadistica/atribuciones-del-servicio/elecciones/censo-electoral/division-de-los-distritos-censales/,boundary,,,
-5.9683169161616885,37.40414163169705,0.1805400550365448,-0.0353263542056083,0.20232635,130.0,45.49145963000001,1738.134228885796,49.728387007220306,0,7,6.0,POINT (-5.9683169161616885 37.40414163169705),94,relation/5829723,relation/5829723,,10,,administrative,,San Matías,,neighbourhood,http://www.sevilla.org/ayuntamiento/competencias-areas/area-de-hacienda-y-administracion-publica/servicio-estadistica/atribuciones-del-servicio/elecciones/censo-electoral/division-de-los-distritos-censales/,boundary,,,
-5.9674186008775685,37.40414163169705,0.6800622344017029,-0.2697168588638305,0.16487515,80.0,44.50365184999998,1660.6888170409925,119.77350919480968,1,15,6.0,POINT (-5.9674186008775685 37.40414163169705),94,relation/5829723,relation/5829723,,10,,administrative,,San Matías,,neighbourhood,http://www.sevilla.org/ayuntamiento/competencias-areas/area-de-hacienda-y-administracion-publica/servicio-estadistica/atribuciones-del-servicio/elecciones/censo-electoral/division-de-los-distritos-censales/,boundary,,,
-5.967238937820745,37.40414163169705,0.5033982992172241,-0.1067378222942352,0.1435605,70.0,44.38743916999999,1645.2222236831262,114.31969700503564,1,16,6.0,POINT (-5.967238937820745 37.40414163169705),94,relation/5829723,relation/5829723,,10,,administrative,,San Matías,,neighbourhood,http://www.sevilla.org/ayuntamiento/competencias-areas/area-de-hacienda-y-administracion-publica/servicio-estadistica/atribuciones-del-servicio/elecciones/censo-electoral/division-de-los-distritos-censales/,boundary,,,
-5.967059274763921,37.40414163169705,0.3103342056274414,0.0143651524558663,0.1483355,60.0,44.38743916999999,1629.7636248899191,110.8908571482721,1,17,6.0,POINT (-5.967059274763921 37.40414163169705),94,relation/5829723,relation/5829723,,10,,administrative,,San Matías,,neighbourhood,http://www.sevilla.org/ayuntamiento/competencias-areas/area-de-hacienda-y-administracion-publica/servicio-estadistica/atribuciones-del-servicio/elecciones/censo-electoral/division-de-los-distritos-censales/,boundary,,,
-5.966879611707097,37.40414163169705,0.0951433554291725,0.0234790779650211,0.16647935,50.0,44.49168878,1614.3132503280465,109.67707477907057,0,18,6.0,POINT (-5.966879611707097 37.40414163169705),94,relation/5829723,relation/5829723,,10,,administrative,,San Matías,,neighbourhood,http://www.sevilla.org/ayuntamiento/competencias-areas/area-de-hacienda-y-administracion-publica/servicio-estadistica/atribuciones-del-servicio/elecciones/censo-electoral/division-de-los-distritos-censales/,boundary,,,
-5.966699948650273,37.40414163169705,0.1192448437213897,-0.0479797981679439,0.2068476,40.0,44.49168878,1598.8713384174173,110.75120190035466,0,17,6.0,POINT (-5.966699948650273 37.40414163169705),94,relation/5829723,relation/5829723,,10,,administrative,,San Matías,,neighbourhood,http://www.sevilla.org/ayuntamiento/competencias-areas/area-de-hacienda-y-administracion-publica/servicio-estadistica/atribuciones-del-servicio/elecciones/censo-electoral/division-de-los-distritos-censales/,boundary,,,
-5.966520285593449,37.40414163169705,0.1595570147037506,-0.0956302657723426,0.21683645,30.0,44.97362959999998,1583.4381367447254,114.04861318718352,1,17,6.0,POINT (-5.966520285593449 37.40414163169705),94,relation/5829723,relation/5829723,,10,,administrative,,San Matías,,neighbourhood,http://www.sevilla.org/ayuntamiento/competencias-areas/area-de-hacienda-y-administracion-publica/servicio-estadistica/atribuciones-del-servicio/elecciones/censo-electoral/division-de-los-distritos-censales/,boundary,,,
-5.968676242275336,37.403961968640225,0.7391887307167053,-0.3054856657981872,0.125288,150.33296378372907,47.25515795000001,1773.5157511203863,14.228865621446811,1,3,6.0,POINT (-5.968676242275336 37.403961968640225),94,relation/5829723,relation/5829723,,10,,administrative,,San Matías,,neighbourhood,http://www.sevilla.org/ayuntamiento/competencias-areas/area-de-hacienda-y-administracion-publica/servicio-estadistica/atribuciones-del-servicio/elecciones/censo-electoral/division-de-los-distritos-censales/,boundary,,,
-5.968496579218512,37.403961968640225,0.3522699773311615,-0.141510397195816,0.18111635,140.356688476182,46.877466740000045,1758.0374033357436,30.092316272232704,0,4,6.0,POINT (-5.968496579218512 37.403961968640225),94,relation/5829723,relation/5829723,,10,,administrative,,San Matías,,neighbourhood,http://www.sevilla.org/ayuntamiento/competencias-areas/area-de-hacienda-y-administracion-publica/servicio-estadistica/atribuciones-del-servicio/elecciones/censo-electoral/division-de-los-distritos-censales/,boundary,,,
-5.9683169161616885,37.403961968640225,0.1276462525129318,0.006840247195214,0.1802026,130.384048104053,46.33912859000003,1742.5663238567774,45.968726735181576,0,7,6.0,POINT (-5.9683169161616885 37.403961968640225),94,relation/5829723,relation/5829723,,10,,administrative,,San Matías,,neighbourhood,http://www.sevilla.org/ayuntamiento/competencias-areas/area-de-hacienda-y-administracion-publica/servicio-estadistica/atribuciones-del-servicio/elecciones/censo-electoral/division-de-los-distritos-censales/,boundary,,,
-5.968137253104865,37.403961968640225,0.1607338935136795,0.087187074124813,0.15000525,120.41594578792296,46.33912859000003,1727.1027080081922,61.848117464859314,0,8,6.0,POINT (-5.968137253104865 37.403961968640225),94,relation/5829723,relation/5829723,,10,,administrative,,San Matías,,neighbourhood,http://www.sevilla.org/ayuntamiento/competencias-areas/area-de-hacienda-y-administracion-publica/servicio-estadistica/atribuciones-del-servicio/elecciones/censo-electoral/division-de-los-distritos-censales/,boundary,,,
-5.967777926991217,37.403961968640225,0.8127571940422058,-0.2895435094833374,0.16627015,100.4987562112089,45.684577760000025,1696.198683621831,93.609772985059,1,12,6.0,POINT (-5.967777926991217 37.403961968640225),94,relation/5829723,relation/5829723,,10,,administrative,,San Matías,,neighbourhood,http://www.sevilla.org/ayuntamiento/competencias-areas/area-de-hacienda-y-administracion-publica/servicio-estadistica/atribuciones-del-servicio/elecciones/censo-electoral/division-de-los-distritos-censales/,boundary,,,
-5.967598263934393,37.403961968640225,0.7669172883033752,-0.3131111562252044,0.1555541,90.55385138137416,45.49658666000005,1680.758701795632,105.58185435841072,1,13,6.0,POINT (-5.967598263934393 37.403961968640225),94,relation/5829723,relation/5829723,,10,,administrative,,San Matías,,neighbourhood,http://www.sevilla.org/ayuntamiento/competencias-areas/area-de-hacienda-y-administracion-publica/servicio-estadistica/atribuciones-del-servicio/elecciones/censo-electoral/division-de-los-distritos-censales/,boundary,,,
-5.9674186008775685,37.403961968640225,0.6160123348236084,-0.116239495575428,0.14283665,80.62257748298549,45.49658666000005,1665.3270376896885,101.77739137987972,1,14,6.0,POINT (-5.9674186008775685 37.403961968640225),94,relation/5829723,relation/5829723,,10,,administrative,,San Matías,,neighbourhood,http://www.sevilla.org/ayuntamiento/competencias-areas/area-de-hacienda-y-administracion-publica/servicio-estadistica/atribuciones-del-servicio/elecciones/censo-electoral/division-de-los-distritos-censales/,boundary,,,
-5.967238937820745,37.403961968640225,0.1312530934810638,0.0459482036530971,0.1802948,70.71067811865476,45.421390220000035,1649.903924692633,95.29919734487387,1,15,6.0,POINT (-5.967238937820745 37.403961968640225),94,relation/5829723,relation/5829723,,10,,administrative,,San Matías,,neighbourhood,http://www.sevilla.org/ayuntamiento/competencias-areas/area-de-hacienda-y-administracion-publica/servicio-estadistica/atribuciones-del-servicio/elecciones/censo-electoral/division-de-los-distritos-censales/,boundary,,,
-5.967059274763921,37.403961968640225,0.1725370585918426,-0.0158498808741569,0.2139248,60.82762530298219,44.38743916999999,1634.4896048704718,91.15769901841836,1,18,6.0,POINT (-5.967059274763921 37.403961968640225),94,relation/5829723,relation/5829723,,10,,administrative,,San Matías,,neighbourhood,http://www.sevilla.org/ayuntamiento/competencias-areas/area-de-hacienda-y-administracion-publica/servicio-estadistica/atribuciones-del-servicio/elecciones/censo-electoral/division-de-los-distritos-censales/,boundary,,,
-5.966879611707097,37.403961968640225,0.2191134095191955,-0.0272630248218774,0.1975386499999999,50.99019513592785,44.49168878,1619.084329366449,89.67722466350025,0,19,6.0,POINT (-5.966879611707097 37.403961968640225),94,relation/5829723,relation/5829723,,10,,administrative,,San Matías,,neighbourhood,http://www.sevilla.org/ayuntamiento/competencias-areas/area-de-hacienda-y-administracion-publica/servicio-estadistica/atribuciones-del-servicio/elecciones/censo-electoral/division-de-los-distritos-censales/,boundary,,,
-5.966699948650273,37.403961968640225,0.1086831539869308,0.1126452684402465,0.16500115,41.23105625617661,44.49168878,1603.688358824122,90.98776079026882,1,18,6.0,POINT (-5.966699948650273 37.403961968640225),94,relation/5829723,relation/5829723,,10,,administrative,,San Matías,,neighbourhood,http://www.sevilla.org/ayuntamiento/competencias-areas/area-de-hacienda-y-administracion-publica/servicio-estadistica/atribuciones-del-servicio/elecciones/censo-electoral/division-de-los-distritos-censales/,boundary,,,
-5.96885590533216,37.403782305583405,0.2538887560367584,0.1260565966367721,0.0939796,161.24515496597098,47.25515795000001,1793.5306018042145,21.07325021310781,1,3,9.0,POINT (-5.96885590533216 37.403782305583405),94,relation/5829723,relation/5829723,,10,,administrative,,San Matías,,neighbourhood,http://www.sevilla.org/ayuntamiento/competencias-areas/area-de-hacienda-y-administracion-publica/servicio-estadistica/atribuciones-del-servicio/elecciones/censo-electoral/division-de-los-distritos-censales/,boundary,,,
-5.968676242275336,37.403782305583405,0.3431483507156372,-0.0854179412126541,0.118515,151.32745950421557,46.877466740000045,1778.084621778698,25.351120271866083,1,3,6.0,POINT (-5.968676242275336 37.403782305583405),94,relation/5829723,relation/5829723,,10,,administrative,,San Matías,,neighbourhood,http://www.sevilla.org/ayuntamiento/competencias-areas/area-de-hacienda-y-administracion-publica/servicio-estadistica/atribuciones-del-servicio/elecciones/censo-electoral/division-de-los-distritos-censales/,boundary,,,
-5.968496579218512,37.403782305583405,0.1711792349815368,0.240127757191658,0.1036782,141.4213562373095,46.877466740000045,1762.6463951290032,36.684685916517125,1,4,6.0,POINT (-5.968496579218512 37.403782305583405),94,relation/5829723,relation/5829723,,10,,administrative,,San Matías,,neighbourhood,http://www.sevilla.org/ayuntamiento/competencias-areas/area-de-hacienda-y-administracion-publica/servicio-estadistica/atribuciones-del-servicio/elecciones/censo-electoral/division-de-los-distritos-censales/,boundary,,,
-5.9683169161616885,37.403782305583405,0.0595950968563556,0.1487802118062973,0.15033475,131.52946437965906,46.33912859000003,1747.216127379069,50.53060973132252,0,9,6.0,POINT (-5.9683169161616885 37.403782305583405),94,relation/5829723,relation/5829723,,10,,administrative,,San Matías,,neighbourhood,http://www.sevilla.org/ayuntamiento/competencias-areas/area-de-hacienda-y-administracion-publica/servicio-estadistica/atribuciones-del-servicio/elecciones/censo-electoral/division-de-los-distritos-censales/,boundary,,,
-5.968137253104865,37.403782305583405,0.064248502254486,-0.0493674501776695,0.20557245,121.65525060596438,46.33912859000003,1731.794031270179,65.3100935239911,0,10,5.7,POINT (-5.968137253104865 37.403782305583405),94,relation/5829723,relation/5829723,,10,,administrative,,San Matías,,neighbourhood,http://www.sevilla.org/ayuntamiento/competencias-areas/area-de-hacienda-y-administracion-publica/servicio-estadistica/atribuciones-del-servicio/elecciones/censo-electoral/division-de-los-distritos-censales/,boundary,,,
-5.967957590048041,37.403782305583405,0.2207475900650024,-0.0141614405438303,0.1809051,111.80339887498948,45.684577760000025,1716.380327075028,79.09291907644732,0,10,5.7,POINT (-5.967957590048041 37.403782305583405),94,relation/5829723,relation/5829723,,10,,administrative,,San Matías,,neighbourhood,http://www.sevilla.org/ayuntamiento/competencias-areas/area-de-hacienda-y-administracion-publica/servicio-estadistica/atribuciones-del-servicio/elecciones/censo-electoral/division-de-los-distritos-censales/,boundary,,,
-5.967777926991217,37.403782305583405,0.760291337966919,-0.2294592559337616,0.1360838499999999,101.9803902718557,45.684577760000025,1700.9752429280734,81.675119216649,1,10,5.7,POINT (-5.967777926991217 37.403782305583405),94,relation/5829723,relation/5829723,,10,,administrative,,San Matías,,neighbourhood,http://www.sevilla.org/ayuntamiento/competencias-areas/area-de-hacienda-y-administracion-publica/servicio-estadistica/atribuciones-del-servicio/elecciones/censo-electoral/division-de-los-distritos-censales/,boundary,,,
-5.967598263934393,37.403782305583405,0.8647748827934265,-0.3547911942005157,0.14316525,92.19544457292886,45.49658666000005,1685.57901517417,87.12318754121505,1,12,6.0,POINT (-5.967598263934393 37.403782305583405),94,relation/5829723,relation/5829723,,10,,administrative,,San Matías,,neighbourhood,http://www.sevilla.org/ayuntamiento/competencias-areas/area-de-hacienda-y-administracion-publica/servicio-estadistica/atribuciones-del-servicio/elecciones/censo-electoral/division-de-los-distritos-censales/,boundary,,,
-5.9674186008775685,37.403782305583405,0.5679851770401001,-0.0472652204334735,0.1503525,82.46211251235322,45.49658666000005,1670.191888734375,84.68523251596609,1,12,6.0,POINT (-5.9674186008775685 37.403782305583405),94,relation/5829723,relation/5829723,,10,,administrative,,San Matías,,neighbourhood,http://www.sevilla.org/ayuntamiento/competencias-areas/area-de-hacienda-y-administracion-publica/servicio-estadistica/atribuciones-del-servicio/elecciones/censo-electoral/division-de-los-distritos-censales/,boundary,,,
-5.967238937820745,37.403782305583405,0.2111813873052597,-0.1150558814406395,0.21530195,72.80109889280519,45.421390220000035,1654.8141174917318,76.77817544567755,1,16,6.0,POINT (-5.967238937820745 37.403782305583405),94,relation/5829723,relation/5829723,,10,,administrative,,San Matías,,neighbourhood,http://www.sevilla.org/ayuntamiento/competencias-areas/area-de-hacienda-y-administracion-publica/servicio-estadistica/atribuciones-del-servicio/elecciones/censo-electoral/division-de-los-distritos-censales/,boundary,,,
-5.967059274763921,37.403782305583405,0.3047307729721069,0.0220423806458711,0.16464125,63.24555320336759,45.421390220000035,1639.445964697653,71.57288104109388,1,16,6.0,POINT (-5.967059274763921 37.403782305583405),94,relation/5829723,relation/5829723,,10,,administrative,,San Matías,,neighbourhood,http://www.sevilla.org/ayuntamiento/competencias-areas/area-de-hacienda-y-administracion-publica/servicio-estadistica/atribuciones-del-servicio/elecciones/censo-electoral/division-de-los-distritos-censales/,boundary,,,
-5.96885590533216,37.40360264252658,0.4137015342712402,0.1279279291629791,0.0910836499999999,162.78820596099706,47.766151939999986,1798.2710667921058,24.571084768531623,1,12,6.75,POINT (-5.96885590533216 37.40360264252658),94,relation/5829723,relation/5829723,,10,,administrative,,San Matías,,neighbourhood,http://www.sevilla.org/ayuntamiento/competencias-areas/area-de-hacienda-y-administracion-publica/servicio-estadistica/atribuciones-del-servicio/elecciones/censo-electoral/division-de-los-distritos-censales/,boundary,,,
-5.968676242275336,37.40360264252658,0.0646563172340393,-0.1670231372117996,0.2228972,152.97058540778357,47.51663647999999,1782.8661565746677,34.6807285662283,1,12,5.75,POINT (-5.968676242275336 37.40360264252658),94,relation/5829723,relation/5829723,,10,,administrative,,San Matías,,neighbourhood,http://www.sevilla.org/ayuntamiento/competencias-areas/area-de-hacienda-y-administracion-publica/servicio-estadistica/atribuciones-del-servicio/elecciones/censo-electoral/division-de-los-distritos-censales/,boundary,,,
-5.968496579218512,37.40360264252658,0.0453349389135837,-0.0612930320203304,0.26769375,143.17821063276352,47.51663647999999,1767.469695444508,48.02350589371859,1,12,5.75,POINT (-5.968496579218512 37.40360264252658),94,relation/5829723,relation/5829723,,10,,administrative,,San Matías,,neighbourhood,http://www.sevilla.org/ayuntamiento/competencias-areas/area-de-hacienda-y-administracion-publica/servicio-estadistica/atribuciones-del-servicio/elecciones/censo-electoral/division-de-los-distritos-censales/,boundary,,,
-5.9683169161616885,37.40360264252658,0.0776128992438316,0.074708953499794,0.23380525,133.41664064126334,47.244903890000046,1752.0819061410748,61.59195175422558,0,18,5.666666666666667,POINT (-5.9683169161616885 37.40360264252658),94,relation/5829723,relation/5829723,,10,,administrative,,San Matías,,neighbourhood,http://www.sevilla.org/ayuntamiento/competencias-areas/area-de-hacienda-y-administracion-publica/servicio-estadistica/atribuciones-del-servicio/elecciones/censo-electoral/division-de-los-distritos-censales/,boundary,,,
-5.968137253104865,37.40360264252658,0.1112963706254959,0.1683477163314819,0.1675724499999999,123.6931687685298,47.244903890000046,1736.7030191706494,59.89969290892247,0,17,5.647058823529412,POINT (-5.968137253104865 37.40360264252658),94,relation/5829723,relation/5829723,,10,,administrative,,San Matías,,neighbourhood,http://www.sevilla.org/ayuntamiento/competencias-areas/area-de-hacienda-y-administracion-publica/servicio-estadistica/atribuciones-del-servicio/elecciones/censo-electoral/division-de-los-distritos-censales/,boundary,,,
-5.967957590048041,37.40360264252658,0.1377667337656021,-0.0051244511269032,0.2023566,114.0175425099138,46.74929099000002,1721.3332731413786,59.14912513586808,0,17,5.647058823529412,POINT (-5.967957590048041 37.40360264252658),94,relation/5829723,relation/5829723,,10,,administrative,,San Matías,,neighbourhood,http://www.sevilla.org/ayuntamiento/competencias-areas/area-de-hacienda-y-administracion-publica/servicio-estadistica/atribuciones-del-servicio/elecciones/censo-electoral/division-de-los-distritos-censales/,boundary,,,
-5.967777926991217,37.40360264252658,0.355238676071167,-0.0531133338809013,0.14586775,104.40306508910552,46.74929099000002,1705.9729151154922,62.56000523784317,0,14,5.571428571428571,POINT (-5.967777926991217 37.40360264252658),94,relation/5829723,relation/5829723,,10,,administrative,,San Matías,,neighbourhood,http://www.sevilla.org/ayuntamiento/competencias-areas/area-de-hacienda-y-administracion-publica/servicio-estadistica/atribuciones-del-servicio/elecciones/censo-electoral/division-de-los-distritos-censales/,boundary,,,
-5.967598263934393,37.40360264252658,0.833686113357544,-0.3222852051258087,0.139791,94.8683298050514,46.63136930000002,1690.6222009807384,69.52250688551779,1,13,5.769230769230769,POINT (-5.967598263934393 37.40360264252658),94,relation/5829723,relation/5829723,,10,,administrative,,San Matías,,neighbourhood,http://www.sevilla.org/ayuntamiento/competencias-areas/area-de-hacienda-y-administracion-publica/servicio-estadistica/atribuciones-del-servicio/elecciones/censo-electoral/division-de-los-distritos-censales/,boundary,,,
-5.9674186008775685,37.40360264252658,0.7844283580780029,-0.2988427579402923,0.183331,85.44003745317531,46.63136930000002,1675.2813958399736,69.1704209558866,1,12,5.75,POINT (-5.9674186008775685 37.40360264252658),94,relation/5829723,relation/5829723,,10,,administrative,,San Matías,,neighbourhood,http://www.sevilla.org/ayuntamiento/competencias-areas/area-de-hacienda-y-administracion-publica/servicio-estadistica/atribuciones-del-servicio/elecciones/censo-electoral/division-de-los-distritos-censales/,boundary,,,
-5.967238937820745,37.40360264252658,0.2850310802459717,-0.1170234903693199,0.1830719,76.15773105863909,46.657004450000045,1659.9507744217512,59.22707787573649,0,10,6.0,POINT (-5.967238937820745 37.40360264252658),94,relation/5829723,relation/5829723,,10,,administrative,,San Matías,,neighbourhood,http://www.sevilla.org/ayuntamiento/competencias-areas/area-de-hacienda-y-administracion-publica/servicio-estadistica/atribuciones-del-servicio/elecciones/censo-electoral/division-de-los-distritos-censales/,boundary,,,
-5.96885590533216,37.40342297946975,0.5437609553337097,-0.0429826639592647,0.1292413,164.92422502470643,48.35917841000003,1803.22090910502,11.100897084732734,1,20,6.3,POINT (-5.96885590533216 37.40342297946975),94,relation/5829723,relation/5829723,,10,,administrative,,San Matías,,neighbourhood,http://www.sevilla.org/ayuntamiento/competencias-areas/area-de-hacienda-y-administracion-publica/servicio-estadistica/atribuciones-del-servicio/elecciones/censo-electoral/division-de-los-distritos-censales/,boundary,,,
-5.968676242275336,37.40342297946975,0.1174671724438667,-0.1341975480318069,0.2267026999999999,155.24174696260025,48.18827741000001,1787.858649231321,26.87460963935782,1,20,5.7,POINT (-5.968676242275336 37.40342297946975),94,relation/5829723,relation/5829723,,10,,administrative,,San Matías,,neighbourhood,http://www.sevilla.org/ayuntamiento/competencias-areas/area-de-hacienda-y-administracion-publica/servicio-estadistica/atribuciones-del-servicio/elecciones/censo-electoral/division-de-los-distritos-censales/,boundary,,,
-5.968496579218512,37.40342297946975,-0.0239835307002067,0.0755581557750701,0.24174565,145.60219778561037,48.18827741000001,1772.5055547689035,42.72878219312464,1,21,5.714285714285714,POINT (-5.968496579218512 37.40342297946975),94,relation/5829723,relation/5829723,,10,,administrative,,San Matías,,neighbourhood,http://www.sevilla.org/ayuntamiento/competencias-areas/area-de-hacienda-y-administracion-publica/servicio-estadistica/atribuciones-del-servicio/elecciones/censo-electoral/division-de-los-distritos-censales/,boundary,,,
-5.9683169161616885,37.40342297946975,-0.0608143843710422,0.1185010522603988,0.21745475,136.01470508735443,48.089154829999984,1757.1618659642195,47.167291096096406,0,21,5.714285714285714,POINT (-5.9683169161616885 37.40342297946975),94,relation/5829723,relation/5829723,,10,,administrative,,San Matías,,neighbourhood,http://www.sevilla.org/ayuntamiento/competencias-areas/area-de-hacienda-y-administracion-publica/servicio-estadistica/atribuciones-del-servicio/elecciones/censo-electoral/division-de-los-distritos-censales/,boundary,,,
-5.968137253104865,37.40342297946975,0.1210732981562614,0.151875227689743,0.14736675,126.49110640673518,48.089154829999984,1741.827831379544,40.38452285013323,0,22,5.7272727272727275,POINT (-5.968137253104865 37.40342297946975),94,relation/5829723,relation/5829723,,10,,administrative,,San Matías,,neighbourhood,http://www.sevilla.org/ayuntamiento/competencias-areas/area-de-hacienda-y-administracion-publica/servicio-estadistica/atribuciones-del-servicio/elecciones/censo-electoral/division-de-los-distritos-censales/,boundary,,,
-5.967957590048041,37.40342297946975,0.084224596619606,0.0358628891408443,0.1857420999999999,117.04699910719626,47.81571323000003,1726.5037082484148,39.262647383846875,0,23,5.739130434782608,POINT (-5.967957590048041 37.40342297946975),94,relation/5829723,relation/5829723,,10,,administrative,,San Matías,,neighbourhood,http://www.sevilla.org/ayuntamiento/competencias-areas/area-de-hacienda-y-administracion-publica/servicio-estadistica/atribuciones-del-servicio/elecciones/censo-electoral/division-de-los-distritos-censales/,boundary,,,
-5.967777926991217,37.40342297946975,0.2077078223228454,-0.0352444052696228,0.18942445,107.70329614269008,47.81571323000003,1711.176988062511,44.23449706517166,0,21,5.714285714285714,POINT (-5.967777926991217 37.40342297946975),94,relation/5829723,relation/5829723,,10,,administrative,,San Matías,,neighbourhood,http://www.sevilla.org/ayuntamiento/competencias-areas/area-de-hacienda-y-administracion-publica/servicio-estadistica/atribuciones-del-servicio/elecciones/censo-electoral/division-de-los-distritos-censales/,boundary,,,
-5.967598263934393,37.40342297946975,0.269153743982315,-0.11664280295372,0.17817925,98.48857801796105,47.757606890000034,1695.7596256503375,53.63129160197976,0,18,5.666666666666667,POINT (-5.967598263934393 37.40342297946975),94,relation/5829723,relation/5829723,,10,,administrative,,San Matías,,neighbourhood,http://www.sevilla.org/ayuntamiento/competencias-areas/area-de-hacienda-y-administracion-publica/servicio-estadistica/atribuciones-del-servicio/elecciones/censo-electoral/division-de-los-distritos-censales/,boundary,,,
-5.9674186008775685,37.40342297946975,0.4986280798912048,-0.1693265885114669,0.1754584,89.44271909999159,47.757606890000034,1680.350921966637,56.54655589053881,0,14,5.571428571428571,POINT (-5.9674186008775685 37.40342297946975),94,relation/5829723,relation/5829723,,10,,administrative,,San Matías,,neighbourhood,http://www.sevilla.org/ayuntamiento/competencias-areas/area-de-hacienda-y-administracion-publica/servicio-estadistica/atribuciones-del-servicio/elecciones/censo-electoral/division-de-los-distritos-censales/,boundary,,,
-5.967238937820745,37.40342297946975,0.1716036796569824,-0.0324032418429851,0.1793555999999999,80.62257748298549,47.77982401999998,1664.9511174144868,43.82707612385099,0,10,5.7,POINT (-5.967238937820745 37.40342297946975),94,relation/5829723,relation/5829723,,10,,administrative,,San Matías,,neighbourhood,http://www.sevilla.org/ayuntamiento/competencias-areas/area-de-hacienda-y-administracion-publica/servicio-estadistica/atribuciones-del-servicio/elecciones/censo-electoral/division-de-los-distritos-censales/,boundary,,,
-5.96885590533216,37.40324331641293,0.4659784138202667,-0.0994838103652,0.1340823,167.63054614240212,48.35917841000003,1808.378409438655,21.04112507266681,1,22,5.7272727272727275,POINT (-5.96885590533216 37.40324331641293),94,relation/5829723,relation/5829723,,10,,administrative,,San Matías,,neighbourhood,http://www.sevilla.org/ayuntamiento/competencias-areas/area-de-hacienda-y-administracion-publica/servicio-estadistica/atribuciones-del-servicio/elecciones/censo-electoral/division-de-los-distritos-censales/,boundary,,,
-5.968676242275336,37.40324331641293,0.0967146977782249,-0.0273188631981611,0.17184545,158.11388300841895,48.18827741000001,1793.060337613207,32.276054150184535,1,21,5.714285714285714,POINT (-5.968676242275336 37.40324331641293),94,relation/5829723,relation/5829723,,10,,administrative,,San Matías,,neighbourhood,http://www.sevilla.org/ayuntamiento/competencias-areas/area-de-hacienda-y-administracion-publica/servicio-estadistica/atribuciones-del-servicio/elecciones/censo-electoral/division-de-los-distritos-censales/,boundary,,,
-5.968496579218512,37.40324331641293,0.0749542936682701,0.0213252883404493,0.17684445,148.66068747318505,48.18827741000001,1777.6501737448075,46.31682044295857,0,21,5.714285714285714,POINT (-5.968496579218512 37.40324331641293),94,relation/5829723,relation/5829723,,10,,administrative,,San Matías,,neighbourhood,http://www.sevilla.org/ayuntamiento/competencias-areas/area-de-hacienda-y-administracion-publica/servicio-estadistica/atribuciones-del-servicio/elecciones/censo-electoral/division-de-los-distritos-censales/,boundary,,,
-5.9683169161616885,37.40324331641293,0.1036546304821968,-0.0305328276008367,0.1838659,139.2838827718412,48.089154829999984,1762.2418125492777,32.675635318725014,0,21,5.714285714285714,POINT (-5.9683169161616885 37.40324331641293),94,relation/5829723,relation/5829723,,10,,administrative,,San Matías,,neighbourhood,http://www.sevilla.org/ayuntamiento/competencias-areas/area-de-hacienda-y-administracion-publica/servicio-estadistica/atribuciones-del-servicio/elecciones/censo-electoral/division-de-los-distritos-censales/,boundary,,,
-5.968137253104865,37.40324331641293,0.1649976223707199,0.0026536027435213,0.1736145,130.0,48.089154829999984,1746.8419393397478,21.768175853096803,0,22,5.7272727272727275,POINT (-5.968137253104865 37.40324331641293),94,relation/5829723,relation/5829723,,10,,administrative,,San Matías,,neighbourhood,http://www.sevilla.org/ayuntamiento/competencias-areas/area-de-hacienda-y-administracion-publica/servicio-estadistica/atribuciones-del-servicio/elecciones/censo-electoral/division-de-los-distritos-censales/,boundary,,,
-5.967957590048041,37.40324331641293,0.207433670759201,-0.0336582660675048,0.1921584,120.83045973594572,47.81571323000003,1731.4507805979342,19.608653031932395,0,22,5.7272727272727275,POINT (-5.967957590048041 37.40324331641293),94,relation/5829723,relation/5829723,,10,,administrative,,San Matías,,neighbourhood,http://www.sevilla.org/ayuntamiento/competencias-areas/area-de-hacienda-y-administracion-publica/servicio-estadistica/atribuciones-del-servicio/elecciones/censo-electoral/division-de-los-distritos-censales/,boundary,,,
-5.967777926991217,37.40324331641293,0.2234836816787719,-0.0803829506039619,0.2003024,111.80339887498948,47.81571323000003,1716.0685707998423,28.277809758662254,0,23,5.739130434782608,POINT (-5.967777926991217 37.40324331641293),94,relation/5829723,relation/5829723,,10,,administrative,,San Matías,,neighbourhood,http://www.sevilla.org/ayuntamiento/competencias-areas/area-de-hacienda-y-administracion-publica/servicio-estadistica/atribuciones-del-servicio/elecciones/censo-electoral/division-de-los-distritos-censales/,boundary,,,
-5.967598263934393,37.40324331641293,0.0711076706647872,0.1095943301916122,0.15464465,102.95630140987,47.757606890000034,1700.6955527660143,41.46395100608477,0,23,5.739130434782608,POINT (-5.967598263934393 37.40324331641293),94,relation/5829723,relation/5829723,,10,,administrative,,San Matías,,neighbourhood,http://www.sevilla.org/ayuntamiento/competencias-areas/area-de-hacienda-y-administracion-publica/servicio-estadistica/atribuciones-del-servicio/elecciones/censo-electoral/division-de-los-distritos-censales/,boundary,,,
-5.9674186008775685,37.40324331641293,0.1327287703752517,0.0221800506114959,0.16985495,94.33981132056604,47.757606890000034,1685.331978028796,49.09670202599342,0,18,5.666666666666667,POINT (-5.9674186008775685 37.40324331641293),94,relation/5829723,relation/5829723,,10,,administrative,,San Matías,,neighbourhood,http://www.sevilla.org/ayuntamiento/competencias-areas/area-de-hacienda-y-administracion-publica/servicio-estadistica/atribuciones-del-servicio/elecciones/censo-electoral/division-de-los-distritos-censales/,boundary,,,
-5.967238937820745,37.40324331641293,0.0743111595511436,0.0597978308796882,0.16899855,86.02325267042627,47.77982401999998,1669.9781072193955,33.67173545146117,1,12,5.5,POINT (-5.967238937820745 37.40324331641293),94,relation/5829723,relation/5829723,,10,,administrative,,San Matías,,neighbourhood,http://www.sevilla.org/ayuntamiento/competencias-areas/area-de-hacienda-y-administracion-publica/servicio-estadistica/atribuciones-del-servicio/elecciones/censo-electoral/division-de-los-distritos-censales/,boundary,,,
-5.969035568388984,37.40306365335611,0.0730106681585311,0.286285936832428,0.097083,161.24515496597098,48.90606161000005,1828.7327695549384,2.68230346101376,0,22,5.7272727272727275,POINT (-5.969035568388984 37.40306365335611),94,relation/5829723,relation/5829723,,10,,administrative,,San Matías,,neighbourhood,http://www.sevilla.org/ayuntamiento/competencias-areas/area-de-hacienda-y-administracion-publica/servicio-estadistica/atribuciones-del-servicio/elecciones/censo-electoral/division-de-los-distritos-censales/,boundary,,,
-5.96885590533216,37.40306365335611,0.0976368188858032,0.0423223003745079,0.1502392,170.0,48.90606161000005,1813.3411537144068,12.056653368213915,0,22,5.7272727272727275,POINT (-5.96885590533216 37.40306365335611),94,relation/5829723,relation/5829723,,10,,administrative,,San Matías,,neighbourhood,http://www.sevilla.org/ayuntamiento/competencias-areas/area-de-hacienda-y-administracion-publica/servicio-estadistica/atribuciones-del-servicio/elecciones/censo-electoral/division-de-los-distritos-censales/,boundary,,,
-5.968676242275336,37.40306365335611,0.1088054627180099,0.0315965190529823,0.16897555,161.55494421403512,48.817193090000046,1797.9580714026076,26.35671549573457,0,22,5.7272727272727275,POINT (-5.968676242275336 37.40306365335611),94,relation/5829723,relation/5829723,,10,,administrative,,San Matías,,neighbourhood,http://www.sevilla.org/ayuntamiento/competencias-areas/area-de-hacienda-y-administracion-publica/servicio-estadistica/atribuciones-del-servicio/elecciones/censo-electoral/division-de-los-distritos-censales/,boundary,,,
-5.968496579218512,37.40306365335611,0.2865013778209686,0.0626019313931465,0.14032735,152.31546211727817,48.817193090000046,1782.5837435438875,41.81482357086866,0,21,5.714285714285714,POINT (-5.968496579218512 37.40306365335611),94,relation/5829723,relation/5829723,,10,,administrative,,San Matías,,neighbourhood,http://www.sevilla.org/ayuntamiento/competencias-areas/area-de-hacienda-y-administracion-publica/servicio-estadistica/atribuciones-del-servicio/elecciones/censo-electoral/division-de-los-distritos-censales/,boundary,,,
-5.9683169161616885,37.40306365335611,0.4432005882263183,-0.0030612244736403,0.1265163,143.17821063276352,48.81377507000002,1767.218398622242,26.657986729243856,0,21,5.714285714285714,POINT (-5.9683169161616885 37.40306365335611),94,relation/5829723,relation/5829723,,10,,administrative,,San Matías,,neighbourhood,http://www.sevilla.org/ayuntamiento/competencias-areas/area-de-hacienda-y-administracion-publica/servicio-estadistica/atribuciones-del-servicio/elecciones/censo-electoral/division-de-los-distritos-censales/,boundary,,,
